id;mobile_number;first_name;last_name;date_of_birth;gender;email
1;"+628383194138";Lucile;Mitchell;2020-07-02;FEMALE;"U@43Irr.4.l8"
2;"0847988861";Valentin;Leuschke;2020-07-01;MALE;"k@SBsb6e.MBg.jYmy"
3;"62880623635";Berry;O'Connell;2020-07-02;FEMALE;"2qs@RQuip.0qss3.IjE.ZeR6.jb_R"
4;"6288375542550";Ebony;Christiansen;2020-07-02;FEMALE;"VEC@jUzD.qwV.2yTK6.a5-e"
5;"+62820756796";Amy;Jacobi;2020-07-01;MALE;"q6i@NNdCMv.BbGMy.3uF.eNL9kO.o_t.pA.4td"
6;"0833883071";Earline;Johnston;2020-07-01;FEMALE;"uNQwh@Y.w1f.X.i6.hO-dX.E.Lf-d"
7;"08937554041";Delaney;Zieme;2020-07-02;MALE;"h5RL@fp.wT2n.fD.J.YZM"
8;"+6284622630489";Rogers;Bruen;2020-07-01;FEMALE;"PD@XLj.-SH2x.4b"
9;"628722615598";Lori;Schulist;2020-07-02;MALE;"1TX@7SSQ.bFHl.od.4P.csWt.4stbW.Mq"
10;"6289676941507";Newell;Spencer;2020-07-01;FEMALE;"SFoK@iQL.Tpa"
